sample_id,label,perturbation,predicted_match,predicted_error_type,reason,correct
positive/sample_001,positive,,False,scale_error,"The drawing shows inconsistent dimensions across views. For example, the base plate width in top view is 156.5+165+217+165+156.5 = 860 (matches), but the front/side views show different horizontal spans (e.g., left side of front view: 156.5+165+217+165+156.5 = 860, while right side shows 323+187+323 = 833 — which contradicts the stated base plate width of 860). Also, the circles are labeled Ø194 (radius 97) — correct — but the vertical spacing between circles in top view is 187, not 391 as described. The height of the pier column (Dunzhu) is labeled 325 in all views — matches. Chengtai height 341 and Zhuangji 356 also match. However, the horizontal spacing between the two columns in the top view is 217, but the text says 'spacing 382' — this is a clear scale mismatch. The 2x2 grid of circles has horizontal spacing of 217 + 165 + 165 = 547? Actually, the top view shows 217 between the two column centers, but the text says 416 — discrepancy. Therefore, scale error.",False
positive/sample_002,positive,,False,scale_error,"The drawing dimensions do not match the text description. For example, the base plate total width in the drawing is 167.5+170+245+170+167.5 = 920 (matches), but the total height is 395+284+393 = 1072, not 941 as stated. Also, the circles are labeled Ø138 (radius 69) which matches, but the spacing between circles in the top view is not 267 or 401 — instead, horizontal spacing between centers appears to be ~170+245+170 = 585, and vertical spacing is 275+333 = 608, not matching 267/401. The rounded rectangles have corner radius labeled as 'r24' in the bottom view, which matches. However, the side view shows only 2 columns (not 6 circles), indicating a mismatch in object count and layout. The front/side views show 2 tall columns on top of base, but the top view shows 2 rounded rectangles and 6 circles — consistent with description, but the dimensioning in the side view (e.g., 275 width for top rectangle vs. 170 wide described) indicates inconsistency: the top rectangle in side view is 275 wide, but description says each rounded rectangle is 170 wide. This is a scale error.",False
positive/sample_003,positive,,False,scale_error,"The dimensions in the drawing do not match the text description. For example, the base plate width is shown as 110.5 + 120 + 156 + 120 + 110.5 = 617 (correct), but the total height is 228 + 272 + 329 = 829, not 918 as stated. Also, the circles are labeled with Ø146 and R28, implying radius 73 (which matches), but the top view shows only 4 circles — however, the front/side views show only 2 vertical columns of 2 rectangles each, but the top view shows 2 rounded rectangles and 4 circles — this is inconsistent with the description's '2 rounded rectangles arranged horizontally' and '4 circles in a 2x2 grid'. The side view shows only one top rectangle, not two, indicating asymmetry or misalignment. Most critically, the total height discrepancy (829 vs 918) is a clear scale error.",False
positive/sample_004,positive,,False,scale_error,"The dimensions in the drawing do not match the text description. For example, the base plate width is shown as 138.5 + 217 + 249 + 217 + 138.5 = 960 (matches), but the total height is 359 + 297 + 360 = 1016, not 782. Also, the circles are labeled with diameter 108 (radius 54), which matches, but the horizontal spacing between circles in the top view is 217 + 249 + 217 = 683, not 279. The rounded rectangles have width 217 and height 142, corner radius 30 — this matches. However, the side view shows only one pier column on the right and two on the left, while the front view shows three; the text says '2 rounded rectangle(s) arranged horizontally', but the drawing shows 3 in the front view and 2 in the side view — inconsistency in object count per view. Most critically, the total height is 1016 vs. described 782, a major scale error.",False
positive/sample_005,positive,,,parse_error,"Failed to parse model response: {
  ""match"": false,
  ""error_type"": ""scale_error"",
  ""reason"": ""The text description states the base plate width is 650, but the top views show total widths of 113+148+128+148+113 = 650 (left) and 113",False
positive/sample_006,positive,,False,scale_error,"The dimensions in the drawing do not match the text description. For example, the total width of the base plate is given as 804 in the text, but the drawing shows 322.5 + 159 + 322.5 = 804 — this matches. However, the vertical total height is 223 (Dunzhu) + 252 (Chengtai) + 328 (Zhuangji) = 803, but the drawing shows 223 + 252 + 328 = 803 — also matches. Yet, the horizontal spacing between circles is stated as 394 and 414, but the top view shows 322.5 + 159 = 481.5 between outer edges of left/right columns, and the circle positions are not spaced 394 apart. More critically, the side view on the right has inconsistent dimensions: the top platform width is labeled 213, but the front view shows 159 for the top rectangle — these should be the same if it's a single object. Also, the bottom view shows circles with diameter Ø184 (radius 92), which matches the text, but the horizontal/vertical spacing between them in the top view does not align with 394 and 414. The side view’s bottom dimension (125.5 + 184 + 230 + 184 + 125.5 = 850) doesn’t match the front view’s bottom (113 + 184 + 210 + 184 + 113 = 804). This indicates inconsistent scaling or misalignment across views.",False
positive/sample_007,positive,,False,scale_error,"The text description states base plate width = 608, but the drawing shows total width = 59.5 + 196 + 97 + 196 + 59.5 = 508.5 (in top/bottom views) or 338.5 + 309 + 338.5 = 986.5 (in side view), neither matching 608. Also, the base plate height is described as 986, but the drawing shows 338.5 + 309 + 338.5 = 986 in the bottom view — this matches, but the width mismatch is critical. Additionally, the number of circles in the drawing is 6 (3 on each side of central gap), which matches, but their spacing and radius don’t align: drawing shows horizontal spacing between centers of adjacent circles as 196 (e.g., 196 + 97 + 196 = 489 between outermost), not 178; vertical spacing is not labeled but appears ~309, not 409; radius shown as R30 and R50, not 51. The rounded rectangles are 196 wide and 309 tall, which matches, but the overall scale is inconsistent with the base plate dimensions.",False
positive/sample_008,positive,,False,scale_error,"The text description states the base plate width is 955, but the top view shows total width = 391 + 173 + 391 = 955 — this matches. However, the front/side views show overall width as 391 + 173 + 391 = 955 (left side) and 186.5 + 168 + 186.5 = 541 (right side), which also matches height 541 (294+315+380=989, not 541 — wait, that’s a problem). The description says 'base plate with width 955 and height 541', but the vertical dimensions in the drawing are: Dunzhu (294) + Chengtai (315) + Zhuangji (380) = 989 total height — not 541. So the base plate height of 541 is inconsistent with the sum of component heights. Also, the top view shows horizontal spacing between circles as 391 + 173 + 391 = 955, but the description says 'horizontal spacing 463' — unclear if that means center-to-center or edge-to-edge. But more critically, the total height of the object (from top of Dunzhu to bottom of Zhuangji) is 294 + 315 + 380 = 989, yet the text says 'base plate height 541' — this is a major mismatch. The 541 likely refers to only the top part (Dunzhu + Chengtai = 294 + 315 = 609, still not 541), so no match.",False
positive/sample_009,positive,,False,scale_error,"The text description states the base plate width is 556, but the top view shows total width = 189.5 + 177 + 189.5 = 556 — this matches. However, the front/side views show overall width as 189.5 + 177 + 189.5 = 556 on left, and 278 + 144 + 278 = 700 on right — which contradicts the description’s base plate width of 556 (should be consistent across views). Also, the description says 'horizontal spacing 175' for circles, but top view shows 144 between centers of adjacent circles (e.g., 144 + 144 = 288 between outer circles, not 175). The circle radius is given as 72 in text, but drawing shows Ø144 (i.e., radius 72) — that matches. But the side view width (700) vs front view width (556) indicates a mismatch: the object cannot have two different widths unless it's a 3D object with non-uniform projection — yet the top view suggests symmetry about centerline, and the side view has 278+144+278=700, while front view has 189.5+177+189.5=556. This inconsistency in overall dimensions across views indicates a scale or layout error.",False
positive/sample_010,positive,,False,scale_error,"The dimensions in the drawing do not match the text description. For example, the base plate width is shown as 121.5 + 164 + 140 + 164 + 121.5 = 711 (correct), but the total height is 237 + 323 + 346 = 906, not 885 as stated. Also, the circles are labeled with diameter 148 (radius 74) and R25 for rounded rectangles — consistent — but the horizontal spacing between circles is 164 + 140 + 164 = 468 (not 230), and vertical spacing is 368 + 149 + 368 = 885 (but the description says 362). The side view shows only 2 pier columns, but the top view shows 3 — inconsistency in object count across views. Most critically, the total height mismatch (906 vs 885) and spacing mismatches indicate scale errors.",False
positive/sample_011,positive,,False,scale_error,"The drawing dimensions do not match the text description. For example, the base plate width in the drawing is 86+234+136+234+86 = 776 (matches), but the total height is 383+272+372 = 1027, not 930 as stated. Also, the circle radius in the drawing is labeled Ø176 (so radius = 88), which matches, but the horizontal spacing between circles is shown as 234 (not 238), and vertical spacing is 193 (not 308). The rounded rectangles are shown with width 234 and height 383 (not 193), and corner radius R24 (matches), but their height should be 193 per description, not 383 — the 383 is the dunzhu height, not the rounded rectangle height. The side view shows 3 columns, but the front view shows 2 columns, indicating a mismatch in object count or layout.",False
positive/sample_012,positive,,False,scale_error,"The text description states base plate width = 867 and height = 825, but the drawing shows total width = 332.5 + 202 + 332.5 = 867 (correct), and total height = 303 + 269 + 202 = 774 (not 825). Also, the side view shows two pier columns (Dunzhu) with horizontal spacing 161 + 166 + 171 + 166 + 161 = 825, but the text says '1 rounded rectangle(s) arranged horizontally' — the drawing shows 2 vertical pier columns in the side view, not 1. The top view shows 2 circles (diameter 166 → radius 83, correct) and 1 rounded rectangle (width 202, height 139, R15, correct), but the side view shows 2 pier columns, implying 2 Dunzhu, contradicting '1 rounded rectangle'. The vertical spacing between circles in top view is 139 + 343 = 482, not 337. The height of Chengtai (269) and Zhuangji (303) match, but the total height mismatch (774 vs 825) and object count discrepancy (2 pier columns vs 1 rounded rectangle) indicate a scale or interpretation error.",False
positive/sample_013,positive,,False,scale_error,"The dimensions in the drawing do not match the text description. For example, the base plate width is shown as 109.5 + 273 + 116 + 273 + 109.5 = 881 (which matches), but the total height is 378 + 347 + 306 = 1031, not 533 as stated. Also, the circles have radius 124 (diameter 248) and are labeled R17 or Ø124, but the description says radius 62. The rounded rectangles have height 378 - 347 = 31 (from front view), not 156. The horizontal spacing between rounded rectangles is 116 (front view) or 156 (side view), not 389. Multiple dimensional mismatches indicate a scale error.",False
positive/sample_014,positive,,,parse_error,"Failed to parse model response: {
  ""match"": false,
  ""error_type"": ""scale_error"",
  ""reason"": ""The text description states the base plate width is 640, but the top view shows total width = 117.5 + 144 + 117 + 144 + 117.5 = 640.5 (c",False
positive/sample_015,positive,,False,scale_error,"The dimensions in the drawing do not match the text description. For example, the base plate width is shown as 342 + 236 + 342 = 920 (correct), but the total height is 242 + 211 + 328 = 781, not 961. Also, the circle diameter is labeled Ø184 (radius 92, which matches), but the horizontal/vertical spacing between circles in the top view is not 290/436 — instead, the layout shows inconsistent spacing (e.g., 342, 236, 342 horizontally; 341, 279, 341 vertically), and the side view shows asymmetrical spacing (170.5 vs 170.5, but middle section is 252 vs 184, not matching 290). The rounded rectangle’s width is 236 (matches), but its height is not labeled — however, the side view shows the top block height as 242 (Dunzhu), but the text says 'each 236 wide, 279 tall' — contradiction: 279 ≠ 242. The side view top block width is 279, not 236, indicating mismatched views.",False
positive/sample_016,positive,,,parse_error,"Failed to parse model response: {
  ""match"": false,
  ""error_type"": ""scale_error"",
  ""reason"": ""The text description states base plate width = 650, but the top view shows total width = 231.5 + 187 + 231.5 = 650.5 (close, possibly ro",False
positive/sample_017,positive,,False,scale_error,"The text description states the base plate width is 587 and height is 890, but the top view shows total width = 230.5 + 126 + 230.5 = 587 (matches), and total height = 326 + 238 + 326 = 890 (matches). However, the side views show total height = 316 + 365 + 236 = 917, not 890 — discrepancy of 27. Also, the side views show 2 pier columns in left drawing and 3 in right drawing, contradicting '1 rounded rectangle' (which appears to be the central feature, not a pier column). The description says '1 rounded rectangle(s) arranged horizontally with spacing 586', but the top view shows one rounded rectangle centered between two circles, and the side views show 2 or 3 vertical supports — inconsistent with '1 rounded rectangle'. The number of circles is 6 in top view (matches), but the spacing values (horizontal 283, vertical 270) do not match the given dimensions (e.g., horizontal: 230.5 + 126 + 230.5 = 587, not 283; vertical: 326 + 238 + 326 = 890, not 270). Thus, scale and layout mismatches exist.",False
positive/sample_018,positive,,False,scale_error,"The text description states base plate width = 703 and height = 855. However, the top-left front view shows total width = 148+127+153+127+148 = 603, not 703. The bottom view shows total height = 327.5 + 200 + 327.5 = 855 (matches), but width is 148+127+153+127+148 = 603 (not 703). Also, the side view shows total width = 327.5+200+327.5 = 855, which contradicts the front view width — indicating inconsistent scaling across views. The horizontal spacing between rounded rectangles in the top view is labeled as 153, but description says 280; the actual measured spacing in drawing is ~153, not 280. The circle diameters are labeled Ø100 (radius 50) — that part matches — but overall dimensions don’t align with description.",False
positive/sample_019,positive,,False,scale_error,"The text description states base plate width = 681 and height = 607. The drawing shows total width = 260 + 161 + 260 = 681 (correct), but total height = 241 + 306 + 373 = 920, not 607. Also, the description says '1 rounded rectangle(s) arranged horizontally with spacing 580', but the drawing shows one rounded rectangle in the top view with dimensions matching Ø116 (not 161×121), and the side view shows three vertical columns — inconsistent with '1 rounded rectangle'. The circle layout described as '1x3 grid' with radius 58 (diameter 116) matches the top view circles (Ø116), but the spacing values (horizontal 649, vertical 197) do not match the drawing's 260+161+260=681 width or 243+121+243=607 height. The height of the pier column (Dunzhu) is given as 241 — this matches the drawing’s top view height for the upper part, but the overall height mismatch (920 vs 607) indicates a fundamental scale error.",False
positive/sample_020,positive,,False,scale_error,"The text description states the base plate width is 534, but the top view shows 187 + 160 + 187 = 534 — this matches. However, the base plate height is stated as 779 (277.5 + 224 + 277.5 = 779) — also matches. The rounded rectangle is described as 160 wide and 224 tall with R26; in the top view, the rounded rectangle is shown with width 160 and height 224, and R26 is labeled — matches. The two circles are described as radius 67, but the drawing labels them as Ø134 (diameter), meaning radius = 67 — matches. The vertical spacing between circles is 224 (in top view), but the text says 'vertical spacing 335' — this is a mismatch: 335 appears in front/side views as the height of the pile foundation, not the circle spacing. Also, the text says 'horizontal spacing 392', but the top view shows 160 between the circles’ centers? Actually, center-to-center horizontal distance is 160 (the width of the rounded rectangle), not 392. The side view shows the total width of the base plate as 277.5 + 224 + 277.5 = 779, which matches the height in the text (but that’s a different dimension). The main error is the circle spacing: text says vertical spacing 335, but drawing shows 224 between the circles (and 277.5 above and below the circles, not 335). Also, the side view shows the pile foundation height as 335, which matches the text, but the front view shows the same. So the real discrepancy is the circle vertical spacing: 224 in drawing vs 335 in text.",False
positive/sample_021,positive,,False,count_error,"The text description states there are 2 rounded rectangles, but the drawing shows 4 (2 in the front view and 2 in the side view). Also, the description says 6 circles, but the top view shows only 4 circles (2 on left, 2 on right), not 6. The layout does not match the described 2x3 grid.",False
positive/sample_022,positive,,False,scale_error,"The dimensions in the drawing do not match the text description. For example, the base plate width is shown as 96+154+177+154+96 = 677 (matches), but the total height is 265+366+300 = 931, not 570. Also, the circles are labeled with diameter 142 (radius 71) — that part matches — but the spacing between circles is shown as 142 and 76 in front view, not 218 horizontal or 249 vertical. The rounded rectangles have corner radius R23 (matches), but their width is 142 (not 154) and height appears to be ~300 (not 121). The side view shows only 2 columns, but the top view shows 6 circles and 2 rounded rectangles — consistent, but the dimensions don’t align.",False
positive/sample_023,positive,,False,scale_error,"The dimensions in the drawing do not match the text description. The base plate width is shown as 327.5 + 306 + 327.5 = 961 (correct), but the total height is 315 + 245 + 283 = 843, not 976 as stated. Also, the circle diameter is labeled as Ø126 (radius 63) — this matches radius 63, but the spacing between circles is not 277 or 321: horizontal spacing between centers is 306 (not 277), and vertical spacing is 391 + 194 + 391 = 976? Wait — the top view shows 391 + 194 + 391 = 976 total height, but the text says 'vertical spacing 321', which likely refers to center-to-center distance, yet the drawing shows 391 (top to middle) and 194 (middle to bottom), which sum to 585, not 321. Also, the side views show different overall widths (961 vs 391+194+391=976) — the left side view has 327.5+306+327.5=961, while the right side view has 391+194+391=976 — inconsistency. The text says 'width 961' and 'height 976', but the drawing’s front/side views show inconsistent widths (961 vs 976), indicating a scale mismatch.",False
positive/sample_024,positive,,False,scale_error,"The text description states base plate width = 566, but the drawing shows total width = 214 + 138 + 214 = 566 (correct). However, the height is stated as 829, while the drawing shows 350 + 265 + 268 = 883 — a mismatch of 54. Also, the description says 'horizontal spacing 261' for circles, but the top view shows 214 + 138 + 214 = 566 total width, and the circles are placed with 214 from edge to center, implying spacing between centers ≈ 214 - 2*21 = 172 (not 261). The circle radius is given as 62 in text, but drawing shows Ø124 → radius 62 (this matches), but the vertical spacing between circles is shown as 344 + 141 + 344 = 829 total height, not 407. The side views show inconsistent widths: left side shows 214+138+214=566, right side shows 344+141+344=829 — this indicates the two side views are misaligned or incorrectly labeled, violating orthographic projection consistency. The most critical error is the base plate height: 350+265+268=883 ≠ 829.",False
positive/sample_025,positive,,,parse_error,"Failed to parse model response: {
  ""match"": false,
  ""error_type"": ""scale_error"",
  ""reason"": ""The text description states the base plate width is 751, but the top views show total width = 251 + 249 + 251 = 751 — this matches. Howe",False
negative/sample_001_count_error,negative,count_error,,parse_error,"Failed to parse model response: {
  ""match"": false,
  ""error_type"": ""scale_error"",
  ""reason"": ""The text description states the base plate width is 860 and height is 833, but the top views show widths of 860 (left) and 833 (right), ",False
negative/sample_001_scale_error,negative,scale_error,False,scale_error,"The drawing shows a total height of 833 (325 + 341 + 356), which matches the description. However, the circles in the bottom view are labeled with diameter 388 (so radius = 194), not radius 97 as stated. Also, the horizontal spacing between circle centers is labeled 416 and vertical spacing 391 — these match — but the circle radius in the text (97) contradicts the drawing (194). Additionally, the rounded rectangles have dimensions 165 × 187 and R23, which match; and the horizontal spacing between them is 382, matching. The main discrepancy is the circle radius: text says 97, drawing shows ~194 (diameter 388).",True
negative/sample_001_symmetry_error,negative,symmetry_error,False,scale_error,"The top view shows circles with diameter labeled as Ø194 (radius 97), which matches the description. However, the front and side views show overall height dimensions: top (Dunzhu) = 325, middle (Chengtai) = 341, bottom (Zhuangji) = 356 — these sum to 325 + 341 + 356 = 1022, but the text says 'base plate height 833', and the top view’s vertical dimension is labeled 833, 391, 187, etc., totaling 833 + 391 + 187 = 1411 — inconsistent. Also, the front/side views show total width 860 and 833 respectively, but the top view shows 860 as the full width, while the side view shows 833 — this suggests the object is not a single rectangular base plate of height 833, but rather a multi-level structure where the 833 is likely the height of the *top* part only, not the full height. The description says 'rectangular base plate with width 860 and height 833' — but the drawing shows a stepped structure with multiple heights, and the 833 dimension appears on the side view as the *top* section's width, not the base plate height. The most critical mismatch is that the total height of the structure in the front view is 325 + 341 + 356 = 1022, not 833, contradicting the stated base plate height.",True
negative/sample_002_count_error,negative,count_error,False,count_error,"The text description states '6 circle(s) in a 3x2 grid layout', but the bottom view (top view) only shows 3 circles: one oval (likely a circle viewed at an angle), and two other circles — total of 3 visible circular features. The drawing does not show 6 circles, indicating a mismatch in count. Also, the top and side views show 4 vertical rectangular protrusions (pier columns), not 2 rounded rectangles as described — the front/side views show 2 upper columns and 1 lower column, but the top view shows only 2 rounded rectangles and 1 circle, inconsistent with '2 rounded rectangles' and '6 circles'.",True
negative/sample_002_scale_error,negative,scale_error,False,scale_error,"The text description states the base plate width is 920, but the top-right view shows a total width of 941. Also, the base plate height is described as 941, which matches the right-side view height, but the front/side views show vertical dimensions of 395 + 284 + 393 = 1072, not 941 — indicating a mismatch in overall height. Additionally, the circular holes are labeled with radius 69 (diameter 138), and the bottom view shows Ø138 circles, which matches; however, the horizontal spacing between circles is labeled 276 in the top view, not 267 as stated. The rounded rectangles’ width is labeled 170 in the bottom view, matching, but their height is labeled 275, matching the description. The corner radius is labeled R24, matching. The main discrepancy is the overall dimensions: 941 vs 920 (width) and 1072 vs 941 (total height).",True
negative/sample_002_symmetry_error,negative,symmetry_error,,parse_error,"Failed to parse model response: {
  ""match"": false,
  ""error_type"": ""count_error"",
  ""reason"": ""The top view shows 6 circles arranged in two rows of three (3x2), which matches the description. However, the front and side views show ",False
negative/sample_003_count_error,negative,count_error,False,scale_error,"The drawing shows a total height of 228 + 272 + 329 = 829, but the text description says the base plate height is 918. The top view shows overall width 617 (matches), but the side view shows total height 918, which contradicts the sum of the three layers (829). Also, the circles in the top view are labeled with diameter 146 (radius 73), which matches, but the vertical spacing between circles is labeled as 384 and horizontal as 302 — these match the description. However, the side view’s total height is labeled 918, while the sum of the three layers (228+272+329) is 829, indicating a scale or labeling inconsistency. The front/side elevation shows only 3 layers, but the 918 dimension spans the entire height including the top and bottom extensions — suggesting the 918 may be the overall envelope, not just the sum of the three parts. But the text says 'rectangular base plate with width 617 and height 918' — this conflicts with the layered heights given. Since the base plate is likely the bottom layer (Zhuangji, 329), and the total height should be 329+272+228=829, not 918, there is a scale error.",True
negative/sample_003_scale_error,negative,scale_error,False,scale_error,"The drawing shows a top view with dimensions: overall width 617, overall height 918 (matches), but the internal layout shows circles with diameter 146 (radius 73) — this matches. However, the text says '2 rounded rectangle(s)... each 120 wide, 206 tall', but in the top view, the rounded rectangles are shown with width ~240 and height ~206 (the 240 is labeled, not 120). Also, the horizontal spacing between rounded rectangles is labeled as 276, which matches the text, but the total width of the base plate is 617, and the sum of left margin + rounded rect width (240) + spacing (276) + right margin + other side = appears inconsistent with 617 if margins are non-zero. More critically, the front/side views show heights: Dunzhu (pier column) = 228, Chengtai = 272, Zhuangji = 329 — these match. But the top view shows vertical dimension 384 between the two rows of circles, and 206 for the rounded rectangle height — consistent. The main discrepancy is that the text says 'each 120 wide' for rounded rectangles, but the top view labels the width of each rounded rectangle as 240 (e.g., the dimension line under the left rounded rectangle shows 240). Since 240 ≠ 120, this is a scale error.",True
negative/sample_003_symmetry_error,negative,symmetry_error,False,scale_error,"The top view shows circles with diameter Ø146 (radius 73), which matches the description. However, the front/side views show total height dimensions of 228 + 272 + 329 = 829, while the top view shows overall height as 918 — a mismatch. The text says 'base plate width 617 and height 918', but the front view shows width 617 and side view shows 918, yet the vertical stack in front/side views sums to 829, not 918. Also, the horizontal spacing in top view is labeled 276, 604, 617 — implying 617 is total width, matching; but the side view’s total width is 918, which should be the height of the entire assembly, not the base plate. The description conflates base plate height (918) with total assembly height (829). Additionally, the top view shows only 4 circles, but the side/front views show 2 columns on the base plate — consistent. However, the key inconsistency is that the sum of component heights (228 + 272 + 329 = 829) does not equal the total height shown in the side view (918), indicating a scale or labeling error.",True
negative/sample_004_count_error,negative,count_error,False,scale_error,"The text description states the base plate width is 960 and height is 782, which matches the top-left (front view) and top-right (side view) dimensions. However, the bottom view (top plan) shows a total width of 960 and a total height of 782, but the internal layout does not match: the description says 6 circles in a 3x2 grid with horizontal spacing 279 and vertical spacing 373, but the drawing shows only 4 circles (not 6), and the labeled dimensions (e.g., 466, 279, 960) do not align with the described 3x2 grid of 6 circles. Also, the circle radius is labeled as Ø108 (diameter 108 → radius 54), which matches, but there are only 4 circles shown, not 6. The two rounded rectangles are present and appear to match the size (217 wide, 142 tall, R30), but the circle count is off. The heights (Dunzhu 359, Chengtai 297, Zhuangji 360) match the front/side views. The main discrepancy is the number of circles: 4 vs 6.",True
negative/sample_004_scale_error,negative,scale_error,False,scale_error,"The top view shows 6 circles (3x2 grid) with diameter labeled as Ø108, implying radius = 54 — this matches the description. However, the side and front views show a total height of 359 + 297 + 360 = 1016, while the text says 'height 782' for the base plate. The bottom view’s vertical dimension is labeled 782, but that appears to be the *overall* height of the top view (including the 782 label on the left), not the base plate height. More critically, the side view width is labeled 782, while the front view width is 960 — the text says 'width 960 and height 782', but the drawing shows width 960 in front view and 782 in side view, meaning the object is not rectangular in plan — it's likely a 3D object with different dimensions in different views. The text describes a single rectangular base plate with height 782, but the drawing shows the overall height (front view) as 359+297+360 = 1016, not 782. Also, the side view width is 782, which contradicts the front view width of 960 — unless the object is not a simple rectangle, but the text implies it is. This inconsistency indicates a scale or dimensional mismatch.",True
negative/sample_004_symmetry_error,negative,symmetry_error,False,scale_error,"The top view shows a total width of 960 and height of 782, matching the description. However, the front/side views show overall heights of 359 + 297 + 360 = 1016, but the text says 'height 782' for the base plate — this is inconsistent. The 782 dimension in the drawing appears to be the *top* of the base plate (i.e., the top of the Chengtai), not the full height of the entire assembly. Also, the top view shows 6 circles arranged in 2 rows × 3 columns, which matches the '3x2 grid', but the horizontal spacing between circles is labeled as 279? Actually, the drawing labels '27' (likely 270 or 27? — unclear) and '195', '466', etc., but no clear 279. More critically, the text says 'horizontal spacing 279', but the bottom view shows distances like 195 and 466 — 466 is likely the center-to-center distance between the two rounded rectangles, not circle spacing. The radius of circles is labeled 'R50' in the bottom view, but text says 'radius 54'. This is a direct numerical mismatch: R50 vs R54.",True
negative/sample_005_count_error,negative,count_error,False,count_error,"The text description states there are '2 rounded rectangle(s)' and '9 circle(s)', but the bottom view shows 8 circles (3×3 grid missing the center circle) and one rounded rectangle (not two). The top views show 3 vertical rectangles in the side view, but the front view only shows 1 central rectangle on top of the base — inconsistent with '2 rounded rectangles arranged horizontally'. Also, the top view width is labeled 650 (matches), but the side view width is 751 (also matches), yet the front view has a different layout than described. Most critically, the bottom view shows only 8 circles, not 9, and only 1 rounded rectangle instead of 2.",True
negative/sample_005_scale_error,negative,scale_error,True,,"The drawing matches the description: base plate width 650 (top view) and height 751 (side/front views); two rounded rectangles with spacing 276, width 148, height 136, radius 26 (visible in top view with R26 and dimensions 148/276/212); nine circles in 3x3 grid (top view shows 9 circles, spacing 212 horizontally, 246 vertically, radius ~89 implied by diameter ~178 shown); pier column height 384, bearing platform 296, pile foundation 355 — all dimensions match across views. No geometric discrepancies.",False
negative/sample_005_symmetry_error,negative,symmetry_error,,parse_error,"Failed to parse model response: {
  ""match"": false,
  ""error_type"": ""scale_error"",
  ""reason"": ""The top view shows 9 circles in a 3x3 grid, but the dimensions indicate horizontal spacing of 212 and vertical spacing of 246. However, ",False
negative/sample_006_count_error,negative,count_error,,parse_error,"Failed to parse model response: {
  ""match"": false,
  ""error_type"": ""scale_error"",
  ""reason"": ""The text description states the base plate width is 804 and height is 849, which matches the top-left (front view) and top-right (side v",False
negative/sample_006_scale_error,negative,scale_error,False,scale_error,"The top view shows a total height of 1274 (1274/414/213), but the text says base plate height is 849. The side views show total height as 223 + 252 + 328 = 803, not 849. Also, the top view shows 4 circles with diameter 184 (radius 92) — that matches — but the horizontal spacing between circles is labeled 394, which matches the text. However, the vertical spacing in the top view is labeled 414, which matches the text. The main discrepancy is the overall height: text says 849, drawing shows ~803 (223+252+328) in side view and 1274 in top view’s vertical dimension — but note: the top view’s vertical dimension is likely for the *entire* assembly including the base plate and above, not just the base plate. The base plate height should be 252 + 328 = 580 (if Chengtai + Zhuangji are on top of base plate), but text says 849. Also, the side view width is 804 (front view) and 1274 (side view), but text only mentions 804 width — the 1274 suggests the side view includes more than just the base plate. The most critical mismatch is the base plate height: text says 849, but sum of Chengtai (252) + Zhuangji (328) = 580, and Dunzhu (223) is separate — so if base plate is the bottom part, it should be 328, not 849. The 849 may be total height, but the description says 'base plate with width 804 and height 849' — this contradicts the side view where the base plate (Zhuangji) is 328 tall. Therefore, scale/height assignment is inconsistent.",True
negative/sample_006_symmetry_error,negative,symmetry_error,,parse_error,"Failed to parse model response: {
  ""match"": false,
  ""error_type"": ""scale_error"",
  ""reason"": ""The text description states the base plate width is 804 and height is 849, which matches the top-left (front view) and top-right (side v",False
negative/sample_007_count_error,negative,count_error,False,count_error,"The top view shows only 3 circles (2 in left rounded rectangle, 1 in right rounded rectangle), not 6 as described. The text says '6 circle(s) in a 3x2 grid', but the drawing shows only 3 circles total — likely a misinterpretation of the two circular holes per rounded rectangle (which would be 4 total), but still not 6. Also, the side view shows only one vertical column, while the front view shows three columns — inconsistent with a single base plate with 2 rounded rectangles and 6 circles. The description mentions 6 circles, but the drawing clearly shows only 3.",True
negative/sample_007_scale_error,negative,scale_error,False,scale_error,"The drawing shows a total height of 986 (top view) and width 608, matching the base plate dimensions. However, the text describes a rectangular base plate with height 986, but the front/side views show vertical dimensions: 255 + 232 + 299 = 786, not 986. The 986 dimension in the top view appears to be the overall length of the top view (including overhangs), not the base plate height. Also, the side view shows a total height of 986, but the sum of labeled heights (255 + 232 + 299) is 786 — indicating a mismatch in scale or interpretation of which part corresponds to which dimension. Additionally, the circles are labeled with diameters (e.g., Ø102, Ø115), implying radii of ~51 and ~57.5, but the description says radius 51 — close but not exact; however, the main issue is the height discrepancy: 986 vs 786.",True
negative/sample_007_symmetry_error,negative,symmetry_error,False,scale_error,"The top view shows 6 circles arranged in a 3x2 grid, but the dimensions labeled (e.g., 178, 196, 293) do not match the text description's specified spacing and sizes. Specifically, the text says 'horizontal spacing 178', but the bottom view shows 178 between centers of adjacent circles in a row — however, the overall width of the group is labeled 608, while the sum of 178×2 + 196 = 552, leaving only 56 for side margins — inconsistent with the 196 width of each rounded rectangle. Also, the text says 'radius 51' but the circle is labeled Ø102 (diameter 102), which matches radius 51 — that part is correct. However, the side view shows total height 986, but the sum of heights: Dunzhu (255) + Chengtai (232) + Zhuangji (299) = 786, not 986 — this is a major scale error. The drawing’s vertical dimensioning does not add up to the described component heights.",True
negative/sample_008_count_error,negative,count_error,False,scale_error,"The text description states the base plate width is 955 and height is 541, but the drawing shows the overall height (left side of front view) as 294 + 315 + 380 = 989, not 541. Also, the top view shows a width of 955 (correct), but the side view shows a width of 541 — this suggests the 541 dimension in the text likely refers to the *side view* width, not the base plate height. The description incorrectly labels 'height' as 541 when the drawing clearly shows vertical dimensions of 294, 315, and 380 for the three components. Additionally, the top view shows two circles (not four), and the rounded rectangle is not arranged horizontally with spacing 704 — it's stacked vertically. The circle radius is labeled as 99 in the top view, which matches, but the count and layout do not.",True
negative/sample_008_scale_error,negative,scale_error,False,scale_error,"The text description states the base plate width is 955 and height is 541, but the drawing shows the overall height (left side of front view) as 294 + 315 + 380 = 989, not 541. Also, the top view shows a horizontal dimension of 955 (matching width), but the vertical dimension in the top view is labeled 541, which contradicts the stated height of 541 for the whole object — the 541 appears to be only the top section’s height (e.g., dunzhu), not the full height. The side view shows total height as 294 + 315 + 380 = 989, while the text says 'height 541', which is inconsistent. Additionally, the rounded rectangle spacing is described as 704, but no such dimension appears in the drawing; instead, the top view shows 463 between circles, not the rounded rectangle. The circle radius is given as 99 in text, but the drawing labels Ø198 (diameter), so radius = 99 — that part matches. However, the major inconsistency is the total height: drawing shows ~989, text says 541.",True
negative/sample_008_symmetry_error,negative,symmetry_error,False,scale_error,"The text description states the base plate width is 955 and height is 541, which matches the top and side views. However, the bottom view (top plan) shows a total width of 955 and height of 541 — correct. But the description says '1 rounded rectangle(s) arranged horizontally with spacing 704', yet the drawing shows only one central rounded rectangle (the H-shaped cutout), and its horizontal dimension between inner vertical sides is labeled 173, not 704. The 704 is not present anywhere in the drawing; instead, the overall width is 955, and the distance between the centers of the two outer circles is 324 (as labeled), not 704. Also, the vertical spacing between circles is labeled as 265 (from center to center vertically), but the description says 'vertical spacing 265' — that part matches. However, the horizontal spacing between circle centers is labeled 324, not 463. The radius of circles is labeled Ø198 (diameter), so radius = 99 — that matches. The heights of the three sections (Dunzhu 294, Chengtai 315, Zhuangji 380) match the side view. The main discrepancy is the 'spacing 704' for the rounded rectangle — no such dimension exists; the rounded rectangle’s width is 173 (as labeled), and the spacing between it and the edges or other features doesn’t add up to 704. This suggests the description misstates the spacing value.",True
negative/sample_009_count_error,negative,count_error,False,scale_error,"The drawing shows a base plate width of 556 (top view) and total height of 700 (left side), which matches the description. However, the text describes 6 circles in a 3x2 grid with radius 72, but the bottom view shows circles labeled Ø144, meaning diameter = 144 → radius = 72, so that part is correct. The rounded rectangle is shown with R24 corners and dimensions 177 × 144 — matches description. The heights: Dunzhu (367) + Chengtai (256) + Zhuangji (219) = 842, but the left-side elevation shows total height as 367 + 256 + 219 = 842, while the overall vertical dimension on the left is labeled 700 — this is a clear scale mismatch. The 700 dimension in the drawing does not match the sum of the described component heights (842). Also, the top view shows 3 circles in a row, but the text says 6 circles in 3×2 grid — the bottom view shows 6 circles arranged in 2 rows of 3, which is consistent. However, the critical error is the total height: drawing labels 700 for the full height, but the sum of the three parts (367+256+219=842) contradicts that. Therefore, the drawing’s overall scale is inconsistent with the given dimensions.",True
negative/sample_009_scale_error,negative,scale_error,False,scale_error,"The top view shows 6 circles (3x2 grid) with diameter labeled as Ø144, implying radius = 72 — this matches the description. However, the vertical dimension in the top view is labeled 700, 325, 144, which sums to 700 + 325 + 144 = 1169, but the total height of the object in front/side views is 367 + 512 + 219 = 1098 — not matching 700. Also, the text says base plate height = 700, but the side view shows total height = 367 + 512 + 219 = 1098, and the top view’s overall height is 700 — indicating inconsistency: the 700 in top view likely refers to the *plate* height, but the side view shows a different total height. Moreover, the text says 'Dunzhu height: 367', 'Chengtai height: 256', 'Zhuangji height: 219' — but the side view shows 367, 512, 219 — meaning Chengtai is labeled as 512, not 256. This is a clear scale/mismatch error in height assignment.",True
negative/sample_009_symmetry_error,negative,symmetry_error,False,scale_error,"The top view shows 6 circles (3x2 grid) with diameter labeled as Ø144, implying radius = 72 — this matches the description. However, the horizontal spacing between centers is labeled as 175 + 175 = 350, but the description says 'horizontal spacing 175' — likely meaning center-to-center spacing is 175, which would make total span 175×2 = 350, consistent. But the vertical spacing in the top view is labeled as 650 and 144, totaling 794, not matching the described 325. Also, the side view shows overall height 700, but the sum of heights: Dunzhu (367) + Chengtai (256) + Zhuangji (219) = 842, not 700 — major scale mismatch. The drawing’s vertical dimensions do not add up to the described component heights.",True
negative/sample_010_count_error,negative,count_error,False,scale_error,"The text description states the base plate width is 711 and height is 885, but the bottom view shows the overall height as 885 (correct), while the overall width is labeled 711 (correct). However, the top view shows a total width of 711, and the side view shows 885 — consistent. The issue is with the circular holes: description says radius 74, but the drawing labels Ø148 (diameter = 148 → radius = 74), which matches. The rounded rectangles are described as 164 wide, 149 tall, corner radius 25 — the drawing shows R25 and dimensions that appear consistent. The vertical spacing between circles is labeled 362, matching description. But the text says '6 circle(s) in a 3x2 grid layout' — the drawing shows 6 circles arranged in 2 rows × 3 columns, which is correct. The heights for Dunzhu (237), Chengtai (323), Zhuangji (346) match the side view. However, the top view shows horizontal spacing between circles as 230 (matches), but the side view shows the total height as 237 + 323 + 346 = 906, whereas the left-side dimension on the front/side views shows 237, 323, 346 stacked — sum = 906, but the text says base plate height is 885 — this is inconsistent. The base plate height should be the sum of the three layers: 237 + 323 + 346 = 906, not 885. So the base plate height is mislabeled in the text or drawing. Since the text explicitly says 'base plate with ... height 885', but the layered heights sum to 906, this is a scale error.",True
negative/sample_010_scale_error,negative,scale_error,False,scale_error,"The text description states the base plate width is 711, but the top views show a width of 1066 (and 885 on the side view). The height of the entire assembly in the drawing is 237 + 323 + 346 = 906, not 885. Also, the circle radius is labeled as Ø148 (i.e., radius 74) which matches, but the overall dimensions do not align with the given 711 × 885 base plate. The 1066 dimension appears to be the total length in front/side views, while the 885 is the width in the side view — indicating the drawing uses different views and scales, but the stated 711 width is not present anywhere in the drawing.",True
negative/sample_010_symmetry_error,negative,symmetry_error,False,scale_error,"The text description states the base plate width is 711 and height is 885, but the top-left view shows overall width 711 and total height (sum of 237+323+346 = 906), not 885. The top-right view shows width 885, which contradicts the 711 width in the front/side views — indicating a mismatch in dimension assignment across views. Also, the bottom view shows horizontal dimension 711 matching the front view, but vertical dimension on left side is labeled 885, 362, 149 — summing to 1406, not 885. The height of the base plate (including pier, bearing, pile) is 237+323+346=906, not 885. The circle radius is labeled Ø148 (diameter), so radius = 74 — this matches. However, the overall scale and dimension consistency across views are inconsistent with the text.",True
negative/sample_011_count_error,negative,count_error,False,scale_error,"The drawing shows a total height of 930 (from bottom to top), but the text description states the base plate height is 930, while the drawing's 930 dimension includes the base plate plus the Chengtai (272) and Dunzhu (383) sections — which contradicts the description. Also, the 9 circles are shown in a 3x3 grid, but the drawing shows only 6 circles in the main plate (3 rows × 2 columns visible in the lower part), and the bottom row has 3 circles that are not aligned with the upper grid — indicating misalignment or missing circles. The radius of circles is labeled as Ø176 (diameter 176 → radius 88), which matches, but the spacing values (e.g., 238, 370) do not align with the visual layout: the horizontal spacing between centers of the middle-row circles appears inconsistent with 238 and 370. Additionally, the '2 rounded rectangles' are drawn overlapping two circles each, but the text says '2 rounded rectangle(s) arranged horizontally', yet the drawing shows 3 such rectangles (left, center, right) covering the middle row — count mismatch.",True
negative/sample_011_scale_error,negative,scale_error,False,count_error,"The text description states there are 9 circles in a 3x3 grid, but the bottom view shows only 6 circles (3 in top row, 3 in bottom row). The middle row has 3 rounded rectangles, not circles. Also, the description says '2 rounded rectangle(s)', but the bottom view shows 3 such shapes. The side and front views show 3 vertical columns of supports, but the text says '2 rounded rectangles arranged horizontally', which contradicts the drawing showing 3.",True
negative/sample_011_symmetry_error,negative,symmetry_error,,parse_error,"Failed to parse model response: {
  ""match"": false,
  ""error_type"": ""scale_error"",
  ""reason"": ""The drawing shows a base plate width of 776 (top view) and height of 930 (side view), which matches. However, the text describes 9 circl",False
negative/sample_012_count_error,negative,count_error,False,scale_error,"The text description states the base plate width is 867 and height is 825, which matches the bottom view. However, the front/side views show a total width of 867 on the left and 825 on the right — this indicates the drawing uses two different scales or misaligns the views. More critically, the description says '1 rounded rectangle(s) arranged horizontally with spacing 587', but the drawing shows only one such feature (a single central protrusion), not multiple. Also, the top view shows a circle labeled 'Ø166' and 'R15', but the text describes '2 circles... radius 83' — the actual circle diameter in the drawing is ~166 (radius 83), which matches the radius 83, but there is only one circle shown in the top view, not two in a 1x2 grid. The top view also shows a square around the circle, possibly representing the rounded rectangle’s bounding box, but no second circle is visible. The vertical dimensions (202, 269, 303) match the text, but the horizontal layout and count of circles/rounded rectangles do not align.",True
negative/sample_012_scale_error,negative,scale_error,False,scale_error,"The text description states the base plate width is 867 and height is 825, which matches the top-left (front) and top-right (side) views. However, the bottom view shows a total height of 825 + 337 + 139 = 1301 (sum of left-side vertical dimensions), but the drawing’s overall height is labeled as 825 on the left side — this contradicts the stated height of 825 for the base plate alone. Also, the description says 'Dunzhu (pier column) height: 202' and 'Chengtai (bearing platform) height: 269', but the front/side views show the middle section (bearing platform) as 188 tall, not 269. The pile foundation height is given as 303, which matches the bottom view's 303, but the sum of 202 + 188 + 303 = 693 does not match the total height shown in the front view (202 + 188 + 303 = 693 vs. 825). The vertical dimension in the front view is 202 + 188 + 303 = 693, yet the overall height is labeled 825 — indicating a mismatch in scale or labeling. Additionally, the text says 'horizontal spacing 587' between rounded rectangles, but the front view shows 867 total width with one centered rectangle; no spacing of 587 is visible. The side view shows three columns, implying multiple pier columns, contradicting '1 rounded rectangle(s)'.",True
negative/sample_012_symmetry_error,negative,symmetry_error,False,scale_error,"The text description states the base plate width is 867 and height is 825, which matches the top-left (front view) and bottom (top view) dimensions. However, the side view shows a total width of 825, not 867 — indicating inconsistency in the horizontal dimension across views. Also, the description says '1 rounded rectangle(s) arranged horizontally with spacing 587', but the drawing shows only one rounded rectangle in the front view and two in the side view, suggesting misalignment or incorrect count. The circle radius is labeled as Ø166 (diameter), implying radius = 83 — this matches numerically, but the layout in the top view shows circles centered vertically within the rounded rectangle, while the description says '1x2 grid' — the drawing shows them stacked vertically, which may be acceptable, but the spacing values (horizontal 771, vertical 337) are not labeled on the drawing, so we cannot verify. Most critically, the side view shows the total height as 202 + 269 + 303 = 774, but the left-side dimension labels show 202, 269, 303 — summing to 774, yet the overall height in the side view is labeled 825 — contradiction: 825 ≠ 774. This indicates a scale or labeling error.",True
negative/sample_013_count_error,negative,count_error,False,count_error,"The text description states '6 circle(s) in a 3x2 grid layout', but the bottom view (top view) only shows 4 circles: 2 inside the left rounded rectangle, 1 in the middle, and 1 in the right rounded rectangle. There are no circles in a 3x2 grid as described. Additionally, the top view shows two rounded rectangles with circles inside, but not six separate circles arranged in a grid.",True
negative/sample_013_scale_error,negative,scale_error,,parse_error,"Failed to parse model response: {
  ""match"": false,
  ""error_type"": ""scale_error"",
  ""reason"": ""The top view shows circles with diameter labeled 'Ø124' (radius 62), which matches the description. However, the overall dimensions in t",False
negative/sample_013_symmetry_error,negative,symmetry_error,False,scale_error,"The text description states the base plate height is 533, but the top views show total height as 533 + 157 + 156 = 846 (or similar sum), and the side view shows total height as 378 + 347 + 306 = 1031 — none match 533. Also, the circles are labeled with diameter Ø124 (radius 62), which matches, but the spacing dimensions in the drawing (e.g., 260, 273) do not align with the described horizontal spacing of 260 between centers and 273 width for rounded rectangles. The '2 rounded rectangle(s)' in the description likely refers to the two vertical protrusions in the front/side views, but the top view shows 6 circles arranged in a 3x2 grid, which matches the circle count. However, the overall scale and dimensioning are inconsistent: e.g., the top view width is labeled 881, matching the base plate width, but the side view width is 533, which contradicts the base plate width being 881. The side view appears to be a profile of only part of the object, not the full base plate. The key mismatch is that the base plate height is stated as 533, but the vertical stack of components (Dunzhu 378 + Chengtai 347 + Zhuangji 306) sums to 1031, and the top view’s left-side vertical dimension is 533, but it includes only the upper portion (not the full height). Thus, the drawing does not correctly represent the described dimensions.",True
negative/sample_014_count_error,negative,count_error,,parse_error,"Failed to parse model response: {
  ""match"": false,
  ""error_type"": ""scale_error"",
  ""reason"": ""The text description states the base plate width is 640 and height is 619, but the bottom view shows a total width of 640 (correct) whil",False
negative/sample_014_scale_error,negative,scale_error,False,scale_error,"The text description states the base plate height is 619 (303 + 383 + 337), but the drawing shows the total height as 303 + 383 + 337 = 1023, not 619. Also, the top view shows 6 circles and 2 rounded rectangles, matching object count, but the dimensions in the top view (e.g., 210 horizontal spacing, 305 vertical spacing) are inconsistent with the stated radius of 72 for circles — a radius of 72 implies diameter 144, yet the spacing between centers appears much larger than 144, suggesting mismatched scale. Additionally, the top view labels 'R24' on rounded rectangles, which matches 'corner radius 24', but the circle radius is labeled 'Ø144' (diameter 144), contradicting 'radius 72'.",True
negative/sample_014_symmetry_error,negative,symmetry_error,,parse_error,"Failed to parse model response: {
  ""match"": false,
  ""error_type"": ""scale_error"",
  ""reason"": ""The text description states the base plate width is 640 and height is 619, but the top views show overall widths of 640 (left) and 619 (",False
negative/sample_015_count_error,negative,count_error,False,scale_error,"The text description states the base plate width is 920 and height is 961, which matches the top-left (front view) and top-right (side view) dimensions. However, the bottom view shows a total height of 961 with internal segments labeled 436 and 279, summing to 715, not 961 — indicating inconsistency in vertical dimensioning. Also, the description says '6 circles in a 3x2 grid' but the bottom view only shows 2 circles (both labeled Ø184), not 6. The side view shows 3 vertical rectangles (pier columns), but the description says '1 rounded rectangle(s) arranged horizontally' — this is a mismatch in object count and layout. The circle radius is given as 92 in text, but the bottom view labels circles as Ø184 (radius 92), which matches; however, the number of circles is wrong. The heights for Dunzhu (242), Chengtai (211), and Zhuangji (328) are shown in both front and side views and match the text. But due to the mismatch in circle count and the horizontal arrangement description vs. what’s drawn (only 2 circles shown, not 6), and the front/side views showing 3 pier columns instead of 1 rounded rectangle, the overall geometry does not match.",True
negative/sample_015_scale_error,negative,scale_error,False,scale_error,"The text description states the base plate height is 961, but the top views show total height as 242 + 211 + 328 = 781 (not 961). Also, the top view width is labeled 920 (matches), but the side view width is 961 — this suggests the 961 dimension is for a different feature (possibly overall length in side view), not the base plate height. The description says 'height 961' for the base plate, but the drawing shows the vertical stack of components totaling 781. Additionally, the circles are labeled Ø184 (radius 92) which matches, but the spacing and layout in the top view do not match the described 3x2 grid with horizontal spacing 290 and vertical spacing 436 — the top view shows 3 columns and 2 rows, but the dimensions shown (e.g., 290 between centers, 436 vertical) appear inconsistent with the actual layout: the left-to-right distance between outer circles is 290, but the middle circle is offset, and the vertical spacing between rows is not clearly 436. Most critically, the base plate height is misstated in the description (961 vs 781).",True
negative/sample_015_symmetry_error,negative,symmetry_error,False,scale_error,"The text description states the base plate width is 920 and height is 961, which matches the top-left (920) and top-right (961) dimensions. However, the bottom view shows a total height of 961, but the vertical dimensioning on the left side of the bottom view shows 961 / 436 / 279 — summing to 961 + 436 + 279 = 1676, which contradicts the stated height of 961. Also, the circles are labeled with diameter 184 (radius 92), which matches, but the spacing between circles in the bottom view is shown as 236 horizontally and 87 vertically, not 290 horizontal and 436 vertical as described. The 436 and 279 in the bottom view likely refer to other features (e.g., center-to-center distances or offsets), not the full height. The side views show total height as 242 + 211 + 328 = 781, not 961 — indicating the 961 is likely the *top* view width, not the overall height. The description conflates dimensions across views; the drawing does not match the stated scale and layout.",True
negative/sample_016_count_error,negative,count_error,,parse_error,"Failed to parse model response: {
  ""match"": false,
  ""error_type"": ""scale_error"",
  ""reason"": ""The top view shows three circles with diameter labeled as Ø170 (radius 85), which matches the description. However, the side view (right",False
negative/sample_016_scale_error,negative,scale_error,False,scale_error,"The text description states the base plate height is 963, but the drawing shows total height as 963 (top to bottom) — this matches. However, the description says '1 rounded rectangle(s) arranged horizontally with spacing 467', but the top view shows only one rounded rectangle (with R26), and the side/front views show a single central protrusion — that’s fine. The issue is: the description says 'horizontal spacing 586' for 3 circles in 1x3 grid, but the top view shows horizontal dimension of 650 for the whole plate, and the circles are vertically aligned (not horizontal spacing). The top view shows three features vertically aligned: one circle at top, one circle inside a rounded rectangle, one circle at bottom — so vertical spacing is relevant, not horizontal. The top view also labels vertical distances: 274, 290, etc., but no 586. Also, the description says 'radius 85' for circles, but the top view labels Ø170 (diameter 170 → radius 85) — that matches. But the text says 'horizontal spacing 586' — the top view shows no such dimension; instead, the horizontal dimension of the plate is 650, and the feature width is 187. The most critical mismatch is the 'horizontal spacing 586' — the drawing shows no horizontal spacing between circles because they are vertically aligned. The circles are stacked vertically, not horizontally. So the layout described ('1x3 grid layout, horizontal spacing 586') contradicts the drawing where the circles are in a vertical column with no horizontal offset. Therefore, it's a layout/scale error.",True
negative/sample_016_symmetry_error,negative,symmetry_error,False,count_error,"The text description states '1 rounded rectangle(s) arranged horizontally' and '3 circle(s) in a 1x3 grid', but the bottom view shows only 2 circles (one at top, one at bottom) and one rounded rectangle. The top and side views show 3 vertical rectangular sections in the side view, but the bottom view does not show three circles — it shows only two. Also, the text says '3 circle(s)' but the drawing shows only 2 circles. This is a count mismatch.",True
negative/sample_017_count_error,negative,count_error,False,scale_error,"The text description states the base plate width is 587 and height is 890, which matches the top and side views. However, the bottom view shows a total height of 890 (with segments 270 + 298 + 322 = 890), but the vertical dimension on the left side of the bottom view is labeled 890, while the front/side elevation shows total height as 316 + 365 + 236 = 917 — not 890. This discrepancy indicates a scale or dimensioning error in the drawing relative to the description. Also, the circles are labeled Ø100 (diameter 100, radius 50) — that part matches — but the horizontal spacing in the bottom view is shown as 283 between centers, which matches 'horizontal spacing 283', and vertical spacing appears to be ~270, also matching. The main mismatch is the overall height: drawing says 316+365+236=917, but description says base plate height 890. Since the base plate is the bottom-most part (Zhuangji height 236), and the total height should be 236 + 365 + 316 = 917, but the drawing labels the full height as 890 in the side view — this is inconsistent with both the description and the sum of component heights.",True
negative/sample_017_scale_error,negative,scale_error,False,count_error,"The top view shows 6 circles (as described), but the front and side views show only 2 vertical pier columns (Dunzhu), while the text description implies a base plate with 6 circles and 1 rounded rectangle, and the side view shows 5 vertical columns — inconsistent with the '1 rounded rectangle' and '2x3 grid of circles' layout. Also, the side view shows 5 vertical elements, not 2, indicating a mismatch in component count.",True
negative/sample_017_symmetry_error,negative,symmetry_error,False,scale_error,"The text description states the base plate height is 890, but the top views show total height as 316 + 365 + 236 = 917, not 890. Also, the top view shows overall width 587 (matches), but the side view shows 890 — which contradicts the front/side elevation’s 587 width. The drawing's vertical dimensions sum to 917, not 890, indicating a scale mismatch. Additionally, the circular holes are labeled φ100 (diameter 100, radius 50) — this matches the 'radius 50' in the description, so that part is correct. However, the main dimensional inconsistency is the total height: 890 vs 917.",True
negative/sample_018_count_error,negative,count_error,False,scale_error,"The top view shows a circle labeled 'Ø100' (diameter 100), but the text description specifies 'radius 50', which corresponds to diameter 100 — this matches. However, the text says '3 circles in a 1x3 grid layout' — the top view shows 3 circles: one at top center, one middle center, one bottom center — that’s vertical alignment, not horizontal 1x3. Also, the side view shows 5 vertical rectangles (pier columns), but the front view shows only 2 — inconsistency in number of pier columns. The text says '2 rounded rectangle(s)' (the bearing platform), but the side view shows 5 pier columns, and the front view shows 2 uprights — likely the '2 rounded rectangles' refer to the bearing platform's side profile, but the top view shows only 2 rounded rectangles (the bearing platform), which is correct. However, the side view width is 855, while front view width is 703 — both match the base plate width/height? Wait: text says base plate width 703, height 855 — front view shows total height = 282 + 214 + 220 = 716, but side view shows same total height = 282 + 214 + 220 = 716 — but the overall height dimension on the top-left drawing is labeled 855? Let's compute: front view left-side vertical dimensions: 282 (Dunzhu) + 214 (Chengtai) + 220 (Zhuangji) = 716, but the leftmost dimension line on the front view shows 855? Actually, looking at the bottom-left (top view) drawing, the left-side vertical dimension is labeled 855 — that matches the text's base plate height. So the front/side views’ total height should be 855, but the sum of 282+214+220 = 716 ≠ 855 — discrepancy of 139. This indicates the drawings do NOT match the text description in overall height. Therefore, scale error.",True
negative/sample_018_scale_error,negative,scale_error,False,scale_error,"The text description states the base plate height is 855, but the top views show total height as 855 (left) and 855 (right), which matches. However, the side view shows a total height of 282 + 214 + 220 = 716, not 855 — indicating a mismatch in overall height. Also, the top view shows horizontal dimension 703, matching the base width, but the side view shows 855 for the top part, which may be the overall length, not height. The most critical discrepancy is that the side view’s total height (282+214+220=716) does not match the stated base plate height of 855. Additionally, the circles described as radius 50 are shown with diameter 30 (labeled Ø30), meaning radius 15 — a clear scale error.",True
negative/sample_018_symmetry_error,negative,symmetry_error,False,count_error,"The top view shows 2 rounded rectangles and 3 circles, which matches the description. However, the front and side views show 2 vertical protrusions (pier columns) on the base plate, but the side view shows 5 vertical elements at the bottom (pile foundation), while the text only mentions 'Zhuangji (pile foundation) height: 220' without specifying count. More critically, the top view shows only 1 circle labeled R28 (which is a radius, not a circle with diameter 100), and another circle labeled Ø100 — that’s 2 circles, not 3. The text says '3 circle(s) in a 1x3 grid layout', but the top view clearly shows only 2 circles (one small, one large), plus the two rounded rectangles. There is also a third circle near the top center, but it's not labeled with a diameter/radius, and its size appears inconsistent with 'radius 50'. The presence of 3 circles is questionable — the drawing shows 3 circular features total (top-center, middle-left, bottom-left), but the middle-left and bottom-left are labeled Ø100 and R28 respectively, meaning they are not both radius 50. The description says 'radius 50' for all 3 circles, but the drawing labels one as R28 and one as Ø100 (i.e., radius 50), so only one matches. Thus, there is a mismatch in circle count and labeling.",True
negative/sample_019_count_error,negative,count_error,False,scale_error,"The text description states the base plate height is 607, but the top views show total height as 607 (607 = 197 + 121 + 197? — actually 197+121+197=515, not 607), and more critically, the side views show total height as 241 + 306 + 373 = 920, while the front/side elevation shows overall height labeled as 681 (width) and 607 (top view height), which is inconsistent. The top view shows width 681 and height 607, matching the base plate dimensions, but the side view shows a total height of 241 + 306 + 373 = 920, yet no dimension of 920 appears in any view — instead, the side view labels the top section as 241, middle as 306, bottom as 373, summing to 920, but the top view’s height is 607, which does not match 920. Also, the text says 'horizontal spacing 649' for circles, but the top view shows only 161 between centers of two circles (and no 649). The circle radius is stated as 58, but the drawing labels Ø116 (radius 58) — that part matches — but the layout is not 1x3 grid: there are only 2 circles shown in the top view (one plain circle, one inside rounded rectangle), and the rounded rectangle has R30, not 30 wide/121 tall as described. The description says '1 rounded rectangle(s) arranged horizontally with spacing 580, each 161 wide, 121 tall', but the top view shows only one rounded rectangle, and its width is not labeled 161 (the horizontal dimension under it is 161, possibly indicating something else). The side view shows 5 vertical columns, not matching the 1 rounded rectangle or 3 circles. Overall, multiple dimensional and layout mismatches exist.",True
negative/sample_019_scale_error,negative,scale_error,,parse_error,"Failed to parse model response: {
  ""match"": false,
  ""error_type"": ""scale_error"",
  ""reason"": ""The text description states base plate width = 681, but the drawing shows 1362 (which is exactly 2×681). Also, the description says circ",False
negative/sample_019_symmetry_error,negative,symmetry_error,False,scale_error,"The text description states the base plate height is 607, but the top views show total height as 607 (607 = 197 + 121 + 197? — actually 197+121+197=515, not 607), and more critically, the side views show total height as 241 + 306 + 373 = 920, while the front view shows overall height as 241 + 306 + 373 = 920, but the bottom view labels the height as 607 — this is inconsistent. The bottom view’s vertical dimension is labeled 607, but the sum of the side-view heights (241 + 306 + 373 = 920) does not match 607. Also, the description says '3 circles in a 1x3 grid' with radius 58, but the drawing shows circles with diameter 116 (labeled Ø116), meaning radius 58 — that part matches. However, the side view shows 5 vertical columns (pier columns), not 1 rounded rectangle as described. The description says '1 rounded rectangle(s) arranged horizontally', but the side view shows 5 columns, and the top view shows only 1 rounded rectangle (which may be correct), but the side view contradicts the description. The most glaring error is the mismatch between the stated total height (607) and the actual stacked height (241+306+373=920).",True
negative/sample_020_count_error,negative,count_error,False,scale_error,"The drawing shows circle diameters labeled as 'Ø134' (radius 67), which matches the description. However, the overall dimensions do not align: the top view shows a total width of 534 and 779, matching the base plate description. But the front/side views show heights of 400, 358, 335 — correct per description. The main discrepancy is in the rounded rectangle spacing: the text says 'spacing 503', but the bottom-left detail shows '503' between the left edge and the first rounded rectangle, and the rounded rectangle itself is 160 wide, with another 160 on the right side — implying center-to-center spacing of 503 + 160 = 663? Actually, looking at the bottom-left detail: the dimension '503' is from the left edge to the left side of the first rounded rectangle, and then '160' is the width of the rounded rectangle, and then there's another '160' for the second one — but the text says 'arranged horizontally with spacing 503', which likely means center-to-center or edge-to-edge. The drawing shows two rounded rectangles with a gap between them, but the exact spacing isn't clearly labeled as 503; instead, the dimension '503' appears to be from the left edge to the left side of the first rectangle, and the distance between the rectangles is not labeled. More critically, the top view shows only *one* rounded rectangle on the left and one on the right, but the text says '1 rounded rectangle(s)' — that’s a count error: it says 1, but the drawing shows 2. Also, the text says '1 rounded rectangle(s)', yet the bottom view clearly shows two identical rounded rectangles (left and right). Therefore, this is a count error.",True
negative/sample_020_scale_error,negative,scale_error,False,scale_error,"The text description states the base plate width is 534 and height is 779, but the top-left view shows width 534 and height 400+358+335 = 1093 (not 779). The top-right view shows width 779, which contradicts the stated 534. Also, the side view shows total height 400+358+335=1093, not matching either 779 or the implied 534×779 rectangle. The drawing’s dimensions are inconsistent with the textual specification.",True
negative/sample_020_symmetry_error,negative,symmetry_error,False,scale_error,"The text description states the base plate width is 534 and height is 779, but the top-left view shows width 534 and height 400+358+335 = 1093 (not 779). The top-right view shows width 779, which contradicts the stated 534. Also, the bottom view shows overall height 779, but the side views show total height 1093 — inconsistent scaling. The 'Dunzhu' (400), 'Chengtai' (358), and 'Zhuangji' (335) heights sum to 1093, not 779. The drawing’s vertical dimensioning is inconsistent with the textual dimensions.",True
negative/sample_021_count_error,negative,count_error,False,scale_error,"The top view shows a total height of 628, matching the base plate height. However, the front/side views show the total height as 360 + 340 + 204 = 904, not 628. The text says 'base plate with width 939 and height 628', but the drawing's front view shows overall height 904 (360+340+204), and the side view shows 628 width — which matches the base plate width, not height. The base plate height in the drawing is actually 340 (Chengtai) + 204 (Zhuangji) = 544, not 628. Also, the top view shows 6 circles arranged in 2 rows × 3 columns, but the vertical spacing between rows is labeled 203 (which matches), and horizontal spacing is 436 (matches). However, the radius of circles is labeled as Ø174 (diameter), so radius = 87 — that part matches. The rounded rectangles: two horizontally, spacing 440? In top view, the center-to-center distance between the two rounded rectangles is labeled 440, and each is 191 wide, 123 tall — matches. Corner radius R21 — matches. So the only major mismatch is the overall height: text says base plate height 628, but drawing shows base plate height = 340 + 204 = 544 (if we assume Chengtai and Zhuangji are on top of base plate), and total object height is 904. The 628 appears to be the *width* of the side view (top dimension), not the height. Therefore, the description incorrectly assigns 628 as height instead of width, leading to a scale/mislabeling error.",True
negative/sample_021_scale_error,negative,scale_error,False,scale_error,"The text description states the base plate width is 939 and height is 628, which matches the top-left (front) and bottom views. However, the side view shows a total width of 628, which contradicts the front view's 939 — indicating inconsistent scaling or misalignment between views. Also, the top view shows 6 circles in two columns of three, but the vertical spacing between circles is labeled as 203 (which matches), yet the horizontal spacing is labeled 436 and 440 — inconsistent with the stated 436 only. More critically, the circle radius is labeled 'R121' in the top view, not 87 as described. The text says radius 87, but drawing shows R121 (diameter ~242), a significant scale error.",True
negative/sample_021_symmetry_error,negative,symmetry_error,,parse_error,"Failed to parse model response: {
  ""match"": false,
  ""error_type"": ""scale_error"",
  ""reason"": ""The text description states the base plate width is 939 and height is 628, which matches the top-left (front view) and top-right (side v",False
negative/sample_022_count_error,negative,count_error,False,count_error,"The top view shows only 4 circular features (2 circles and 2 rounded rectangles), but the text description specifies 6 circles in a 3x2 grid. The drawing does not show a 3x2 grid of circles; instead, it shows 2 circles and 2 rounded rectangles, which contradicts the stated count and shape.",True
negative/sample_022_scale_error,negative,scale_error,True,,"The drawing matches the description: base plate width 677 (top view) and height 570 (side view); two rounded rectangles with corner radius 23, width 154, height 121, spaced 331 apart horizontally; six circles in 3x2 grid with horizontal spacing 218, vertical spacing 249, radius 72 (close to 71 — likely rounding or typo, but visually consistent); pier column height 265, bearing platform 366, pile foundation 300. All dimensions align within acceptable engineering tolerance; no geometric discrepancies.",False
negative/sample_022_symmetry_error,negative,symmetry_error,False,scale_error,"The text description states the base plate width is 677 and height is 570, but the drawing shows the overall height as 265 + 366 + 300 = 931 (not 570). Also, the top view shows horizontal dimension 677 matching the base plate width, but the side view shows 570 for the top section only — not the full height. The circle radius is labeled as 71 in the text, but the drawing labels it as 'R23' (and also shows 'Ø142', which implies radius 71, but the R23 annotation points to a different feature). The 3x2 grid of circles is present, but the spacing values (218 horizontal, 249 vertical) do not match the annotated dimensions in the top view (e.g., 154, 109, 331). The rounded rectangles are shown with Ø142 (diameter), implying radius 71, but the text says '154 wide, 121 tall, corner radius 23' — inconsistent with Ø142. Overall, multiple dimensional mismatches indicate scale error.",True
negative/sample_023_count_error,negative,count_error,False,count_error,"The drawing shows only 3 circles in the bottom view (one on left, one in rounded rectangle, one on right), not 9 circles as described. The text mentions a 3x3 grid of 9 circles, but the drawing clearly depicts only 3 circles total. Also, the rounded rectangle is shown with R27 corner radius and dimensions matching '306' wide and '194' tall, which aligns with the description, but the circle count is wrong.",True
negative/sample_023_scale_error,negative,scale_error,False,count_error,"The text description states there is 1 rounded rectangle, but the top view (bottom drawing) shows 1 rounded rectangle (the horizontal slot), which matches. However, the front and side views show 3 vertical rectangular piers (dunzhu) in the front view and 5 in the side view — this suggests the number of pier columns does not match the description's implied single rounded rectangle. More critically, the text says '1 rounded rectangle(s) arranged horizontally', but the top view shows only one such shape (the slot), which is correct. The real issue is that the text says '9 circle(s) in a 3x3 grid' — the top view clearly shows 8 circles (missing the center one? No — actually it shows 8: top row 3, middle row 3 (but the center is replaced by a rounded rectangle), bottom row 3 → total 8). Wait — let’s count carefully: top row: 3 circles; middle row: left circle, center rounded rectangle, right circle → 2 circles; bottom row: 3 circles. Total = 3 + 2 + 3 = 8 circles, not 9. So there is a count error: description says 9 circles, drawing shows 8.",True
negative/sample_023_symmetry_error,negative,symmetry_error,False,count_error,"The top view shows 3 groups of 3 circles (total 9 circles), which matches the description. However, the side view (right) shows 4 vertical rectangular elements under the base plate, while the front view (left) shows only 3. The text description mentions '1 rounded rectangle(s)' — but the top view shows one rounded rectangle (the central group with R27) and two sets of 3 circles (left and right). The side view shows 4 vertical elements, suggesting 4 pier columns, but the front view shows only 3. This inconsistency in count (3 vs 4 columns) indicates a mismatch. Also, the text says '1 rounded rectangle(s)', but the top view shows one rounded rectangle enclosing 3 circles, and two separate 3-circle groups — possibly misinterpreted. More critically, the side view has 4 vertical rectangles, while front view has 3 — this is a clear geometric discrepancy in object count.",True
negative/sample_024_count_error,negative,count_error,,parse_error,"Failed to parse model response: {
  ""match"": false,
  ""error_type"": ""scale_error"",
  ""reason"": ""The text description states the base plate width is 566 and height is 829, but the top views show widths of 566 (left) and 829 (right), ",False
negative/sample_024_scale_error,negative,scale_error,False,scale_error,"The text description states the base plate width is 566 and height is 829, but the drawing shows the overall height as 700 (not 829) and the top view width as 566. The side view shows total height of 700 + 265 + 268 = 1233, not matching the described 829 height. Also, the description says 'height: 350' for Dunzhu (pier column), but the front/side views show the pier height as 700 - 265 - 268 = 167, not 350. The circle radius is labeled as Ø124 (i.e., radius 62) which matches, but the overall scale is inconsistent.",True
negative/sample_024_symmetry_error,negative,symmetry_error,False,scale_error,"The text description states the base plate width is 566 and height is 829, but the top views show width 566 and total height 829 (350 + 265 + 268 = 883), not 829. Also, the description says 'height 829' for the base plate, but the drawing shows 350 + 265 + 268 = 883. The vertical dimension on the left side of the front view is labeled 350, 265, 268 — summing to 883, not 829. This is a clear scale/sum error.",True
negative/sample_025_count_error,negative,count_error,False,count_error,"The text description states '6 circle(s) in a 3x2 grid layout', but the top view shows only 3 circles (one on left, one in middle rounded rectangle, one on right). The middle rounded rectangle contains 1 circle, and the two outer circles are separate — total 3, not 6. Also, no dashed lines are visible in the drawing, contradicting 'dashed line style'.",True
negative/sample_025_scale_error,negative,scale_error,False,scale_error,"The text description states the base plate height is 546, but the front view shows total height = 66 + 305 + 206 = 577 (not 546). Also, the top view shows overall width 751 (matches), but the side view shows width 546 — which conflicts with the front view’s 751 width. The drawing appears to have inconsistent dimensioning: the front and top views both show 751 for width, but the side view shows 546, suggesting a misalignment or error in projection. Additionally, the 'dunzhu' (pier column) height is labeled as 221 in the text, but the side view shows 206 (zhuangji) + 305 (chengtai) + 66 (top part) = 577 total; no explicit 221 is shown. The 221 may be the height of the pier column itself, but it's not clearly labeled in the drawing. Most critically, the side view width (546) does not match the front view width (751), indicating a mismatch in orthographic projection — a fundamental error in the drawing.",True
negative/sample_025_symmetry_error,negative,symmetry_error,False,scale_error,"The text description states the base plate height is 546, but the top views show a height of 546 in the bottom view (which matches), yet the front/side views show total height as 221 + 305 + 206 = 732, not 546. Also, the circles are labeled Ø106 (radius 53) — that’s correct — but the top view shows horizontal spacing between circle groups as 226 and 249, while the description says 'horizontal spacing 226' for the 3x2 grid, but the drawing shows 226 between left and middle group, and 249 between middle and right group — inconsistent with 'spacing 226' implying uniform spacing. Additionally, the rounded rectangle dimensions: description says '249 wide, 146 tall', but the drawing shows the rounded rectangle width as 249 and height as 146 — that matches. However, the overall height mismatch (546 vs 732) is critical: the 546 dimension in the bottom view appears to be the *width* of the top view, not the height — the vertical dimension on the left of the bottom view is 546, which likely corresponds to the *height* of the top view, but the front/side views show 221+305+206=732, which contradicts the stated base plate height of 546. The base plate height should be the sum of the three layers (732), not 546. Therefore, the drawing does NOT match the description.",True
